palabra_damana,frecuencia,candidatas_estadisticas,ejemplo_damana,ejemplo_espanol,espanol_propuesto,categoria,notas
"awantka",1592,"jehova | jesus | dijo | asi | rey","Naigʉntsha namba asheka shka minsha ñingui dzineka ukua, guama zukuega zumé kuaiega ingui Jehovága tushisha awantka bʉgui ugunga shkandzina (Salm 119:105; Lucas 1:3; 1 Juan 4:19).","Estamos convencidos de que en ella encontramos historia exacta, consejos confiables para la vida y pruebas conmovedoras del amor que siente Jehová por la familia humana (Salmo 119:105; Lucas 1:3; 1 Juan 4:19).","","",""
"ukuemdzi",460,"jehova | despues | dijo | entonces | jesus","Gogumantka nuka iba nanún nʉnka kintujkua awega, ganekʉnegi nanuemdzi guaka nekʉnka kʉskʉnangui zhanekantka ingui ukuemdzi zhaneka awantka.","Se ha hecho un esfuerzo especial para presentar esos relatos de manera clara, sencilla y, siempre que ha sido posible, en el orden en que sucedieron.","","",""
"awega",419,"jehova | jesus | dijo | asi | dios","Angunekʉnegi naimsi ʉndua tshijshindza awega nʉnai kʉnzhʉnga Kunkujshinanzhe bunguingʉmamba nuka. Memé nʉname zen zhiguazhi nukurra ima zhinzhoma maijtushisha","Nuestro deseo sincero es ayudar a otros a aprender las valiosas verdades que se hallan en la Palabra de Dios. Con ese propósito, nos alegra presentarles este libro: Lecciones que aprendo de la Biblia.","","",""
"nanantka",414,"jehova | jesus | gente | rey | tenia","Ima kangʉma zukuega bʉgui shoma kʉnʉnka nanantka, kʉndzinawin ingui zhigawigandzinawin.","Este jardín tenía muchas flores, árboles y animales.","","",""
"ukuashkʉ",411,"jehova | jesus | dijo | entonces | asi","˛ Jehovága go awantka kawandzina terrua menawin go ukuashkʉ gʉmtshina kakʉnana awega.","˛ Jehová creó la familia cuando hizo al hombre y a la mujer y les dio","","",""
"nanzhe",253,"jehova | jesus | dijo | discipulos | familia","Jehovága Adán kʉwanshisha awantka, ingui kʉjkʉla awʉrrʉ awantka nanzhe manambamdzi shkua mena kʉngo awega.","Así que hizo que Adán se quedara bien dormido y usó una de sus costillas para hacerle una esposa.","","",""
"nunkuame",241,"asi | jehova | dijo | jesus | dio","Memé nunkuame kangʉmamba jinumpana bʉgui zhama, kʉnzhiwandzina ingui shomandzinangua.","Así que la Tierra empezó a producir diferentes tipos de frutas, verduras y flores.","","",""
"kaia",211,"dijo | jehova | jesus | moises | dios","Ukuemdzi Jehovága kaia kʉskʉnangui ángel gontka: “Go ukuzhi shkandzina”.","Entonces, Jehová le dijo al primer ángel: “Vamos a hacer al hombre”.","","",""
"kʉ",173,"jehova | dijo | dios | todas | cosas","Ima zhinzhoma shizhakʉndzega Biblia ingegua kʉ kangʉmamba, neshún nunkurra.","Esta publicación se distribuye como parte de una obra mundial de educación bíblica que se sostiene con donativos. Prohibida su venta.","","",""
"zhaguasheka",163,"rey | reino | jehova | dijo | israel","José gumʉkʉndzinuka nukuashkʉ zhaguasheka faraón, Egipto zhana, kʉwarga anzhʉn awantka nenegangua kintujkuawí nʉnka.","Mientras José estaba en la cárcel, el faraón, rey de Egipto, tuvo unos sueños que nadie podía entender.","","",""
"ñingui",135,"jehova | cosas | dios | dijo | pueblo","Naigʉntsha namba asheka shka minsha ñingui dzineka ukua, guama zukuega zumé kuaiega ingui Jehovága tushisha awantka bʉgui ugunga shkandzina (Salm 119:105; Lucas","Estamos convencidos de que en ella encontramos historia exacta, consejos confiables para la vida y pruebas conmovedoras del amor que siente Jehová por la familia humana (Salmo 119:105; Lucas 1:3; 1 Juan 4:19).","","",""
"zen",123,"jehova | miedo | dijo | dios | dio","Angunekʉnegi naimsi ʉndua tshijshindza awega nʉnai kʉnzhʉnga Kunkujshinanzhe bunguingʉmamba nuka. Memé nʉname zen zhiguazhi nukurra ima zhinzhoma maijtushisha awega: Shindza ushi shka Bibliamba zhanandzinanzhe.","Nuestro deseo sincero es ayudar a otros a aprender las valiosas verdades que se hallan en la Palabra de Dios. Con ese propósito, nos alegra presentarles este libro: Lecciones que aprendo de la Biblia.","","",""
"kunkujshina",120,"dios | jehova | dijo | adorar | baal","Bibliaga naiguiumpana uka ñingui zukuega nekantka Kunkujshina katshijkiamaka ingui kangʉmamba.","La Biblia comienza con el relato de la creación física, que nos habla de las cosas tan bonitas que Jehová hizo en el cielo y en la Tierra.","","",""
"nukuantka",113,"jehova | jesus | dijo | queria | rey","Dzuia anzhakʉjsi nekuai dzira janʉn nukuantka.","Los días fueron pasando, y el agua se fue secando.","","",""
"uka",101,"jehova | jesus | dios | dijo | saul","Ima zhinzhomaga naijtushisha uka ia Bibliaga guaka uka shka Jehová kʉzhintujkua awantkandzina ingui kʉzhintujkuñí ukuandzinangua ingui nainguneka uka","Esta publicación nos permite ver que la Biblia es un libro que nos habla de personas: las que obedecieron a Jehová y las que desobedecieron. También nos ayuda a aprender lecciones del ejemplo que nos dan esos personajes (Romanos 15:4; 1 Corintios 10:6).","","",""
"we",98,"fe | jehova | jesus | dios | confiaba","Kuisa nanantka, ukuashkʉ Evaga we uguana awantka.","Era una mentira, pero Eva se la creyó.","","",""
"gʉgaso",97,"respondio | jehova | contesto | jesus | dijo","Evaga gʉgaso: “Ga awazhingurra kʉ kʉnzhiwa, awashkʉ shkuaki kʉnzhiwa kʉnzhe gón nanazhingurra. Ga aunkurrerru mema kʉnzhe kʉnzhiwa,","Eva le respondió: “Podemos comer cualquier fruta, menos la de un árbol. Si comemos la de ese árbol, nos moriremos”.","","",""
"shkandzina",95,"gente | jehova | personas | pueblo | dijo","namba asheka shka minsha ñingui dzineka ukua, guama zukuega zumé kuaiega ingui Jehovága tushisha awantka bʉgui ugunga shkandzina (Salm 119:105; Lucas 1:3; 1 Juan 4:19).","Estamos convencidos de que en ella encontramos historia exacta, consejos confiables para la vida y pruebas conmovedoras del amor que siente Jehová por la familia humana (Salmo 119:105; Lucas 1:3; 1 Juan 4:19).","","",""
"inzhue",84,"preguntas | jehova | jesus | pregunto | sabes","¿Inzhué nunkuame?","¿Por qué no?","","",""
"ukua",78,"jehova | dijo | asi | hizo | escucho","Naigʉntsha namba asheka shka minsha ñingui dzineka ukua, guama zukuega zumé kuaiega ingui Jehovága tushisha awantka bʉgui ugunga shkandzina (Salm 119:105; Lucas 1:3; 1 Juan","Estamos convencidos de que en ella encontramos historia exacta, consejos confiables para la vida y pruebas conmovedoras del amor que siente Jehová por la familia humana (Salmo 119:105; Lucas 1:3; 1 Juan 4:19).","","",""
"israelitandzina",75,"israelitas | jehova | faraon | moises | despues","Ima kʉnkua zhinzhomanzhemba, asheshisha aunkurra José, Job, Moisés ingui israelitandzina ingegua.","En esta sección, leeremos la historia de José, Job, Moisés y los israelitas.","","",""
"kunkujshinanzhe",74,"dios | jesus | espiritu | reino | santo","Angunekʉnegi naimsi ʉndua tshijshindza awega nʉnai kʉnzhʉnga Kunkujshinanzhe bunguingʉmamba nuka. Memé nʉname zen zhiguazhi nukurra ima zhinzhoma maijtushisha awega: Shindza ushi shka Bibliamba","Nuestro deseo sincero es ayudar a otros a aprender las valiosas verdades que se hallan en la Palabra de Dios. Con ese propósito, nos alegra presentarles este libro: Lecciones que aprendo de la Biblia.","","",""
"kʉgi",74,"años | tenia | jehova | jerusalen | despues","Na ingui nanzhe kawandzinawin mema dzingo awega 50 kʉgi dzinukuantka, dzingo awantka Jehovága uguia ukuai.","Él y su familia tardaron unos 50 años en construirla, y la hicieron como Jehová les dijo.","","",""
"awʉnka",73,"jehova | dios | jesus | dijo | abrahan","Memé dzinekuwerru Jehová kʉnduna dzawazhʉnga awerru Jehovánzhe kawa dzineka awʉnka.","Así ellos también podrán adorar a Jehová y ser miembros de su amada familia.","","",""
"dzinaia",73,"jesus | israelitas | asi | jehova | jerusalen","Dzantujkuawí nunkuambarru, dzimasha awantka torre dzingawi ukuemdzi dzinaia awantka ʉnduarga tshijkuan.","Como ya no podían entenderse, detuvieron la construcción y empezaron a irse de allí para vivir en otras partes de la Tierra.","","",""
"ukuambarru",73,"entonces | jehova | dijo | jesus | asi","Bʉgui shkandzina azhi nʉnka zhintshijtuna ukuambarru Jehovága asisakuaga kʉnzhanantka.","La mayoría de la gente se hizo tan mala que Jehová tuvo que acabar con aquel mundo malvado.","","",""
"kunkujshinaga",70,"dios | jehova | dijo | rey | pueblo","Gʉmtshina mʉkawa nʉnerru, anguneka ushi tua awega bʉgui anzhʉnga nʉnka kʉ Kunkujshinaga go awantka.","Si usted tiene hijos, ayúdelos a valorar la sorprendente variedad que existe en la creación.","","",""
"tshui",65,"jehova | favor | dijo | triste | entristece","Shka zumé nʉnkandzinaga zen zhigunshishka Kunkujshina, awashkʉ shka azhi nʉnkandzinagarru tshui zhiguanʉn guashishka.","Las personas buenas hacen feliz a Dios, pero las personas malas lo ponen triste.","","",""
"nanega",64,"jehova | rey | fuera | israel | tener","kʉ nʉnka shkandzinanzhe, kʉ nʉnka ʉnkʉndungurra ima shizhakʉndziganzhe, nainguneka awazhʉnga nʉname nʉnai zen zhiguazhi nanega.","Y, como la Biblia es un libro para todo el mundo, no hay duda de que todos nos beneficiaremos de repasar sus lecciones, ya que pueden ayudarnos a ser realmente felices.","","",""
"anguneka",63,"jehova | ayudo | hijos | ayudelos | jesus","Anguneka awazhʉnga, kʉ shkandzinangua Biblianzhe shindzʉnegi amtʉjkandzina.","No obstante, puede ser también muy útil para los adultos que deseen aprender más de la Biblia.","","",""
"anzhʉnga",62,"jehova | importante | hijos | despues | dijo","Gʉmtshina mʉkawa nʉnerru, anguneka ushi tua awega bʉgui anzhʉnga nʉnka kʉ Kunkujshinaga go awantka.","Si usted tiene hijos, ayúdelos a valorar la sorprendente variedad que existe en la creación.","","",""
"ushau",62,"dijo | hombres | jehova | asi | dios","“Uguana ushau ja maigungandzinangua ingui kashizha awau maintshijsaka aunukandzinatʉjka.","Esa mañana, Jacob vio a lo lejos a Esaú y a los 400 hombres.","","",""
"zhana",62,"rey | israel | jehova | babilonia | pais","Awemdzi, asheshisha maunkua Bibliamba zhana capítulo.","Luego, pueden leer el pasaje bíblico en el que se basa el capítulo.","","",""
"nʉname",61,"jehova | dijo | asi | rey | jesus","Angunekʉnegi naimsi ʉndua tshijshindza awega nʉnai kʉnzhʉnga Kunkujshinanzhe bunguingʉmamba nuka. Memé nʉname zen zhiguazhi nukurra ima zhinzhoma maijtushisha awega: Shindza ushi shka Bibliamba zhanandzinanzhe.","Nuestro deseo sincero es ayudar a otros a aprender las valiosas verdades que se hallan en la Palabra de Dios. Con ese propósito, nos alegra presentarles este libro: Lecciones que aprendo de la Biblia.","","",""
"anguga",60,"jehova | asi | eligio | elegido | jesus","Naka mema kangʉma anguga ukuemdzi meku kuan naia awantka nanzhe kawandzinawin, mema kangʉma kuan naia ukueku zhiganuka Sodoma.","De modo que eligió ese sitio y se fue con su familia a vivir allá, cerca de una ciudad que se llamaba Sodoma.","","",""
"angasha",59,"envio | jehova | dijo | angel | ciudad","andunún nanantka anzhʉngʉma izhindunazha awega, memé nunkuame naiá, ukuemdzi Abrahánwin ashe awantka kaia: “Umbamdzi angasha ushi Agar ingui anzhʉngʉmawin”.","Ella quería proteger a su hijo, así que fue a hablar con Abrahán y le dijo: “Echa de aquí a Agar e Ismael”. Al principio, Abrahán no quería hacer eso.","","",""
"dzineka",58,"jehova | jesus | familia | hicieron | ciudad","Naigʉntsha namba asheka shka minsha ñingui dzineka ukua, guama zukuega zumé kuaiega ingui Jehovága tushisha awantka bʉgui ugunga shkandzina (Salm 119:105; Lucas 1:3; 1","Estamos convencidos de que en ella encontramos historia exacta, consejos confiables para la vida y pruebas conmovedoras del amor que siente Jehová por la familia humana (Salmo 119:105; Lucas 1:3; 1 Juan 4:19).","","",""
"shkandzinaga",56,"gente | jehova | dios | jesus | dijo","Ima zhinzhomagangua anguneka awazhʉnga shkandzinaga kagʉntuna awega bunguingʉma zukuega Biblianzhe.","Se puede usar el mismo método para ayudar a un adulto a tener una idea general del mensaje de la Biblia.","","",""
"kakaia",55,"dijo | jesus | jehova | miedo | ustedes","Ukuemdzi, Jehovága kakaia awantka antshijtuna awega.","Entonces Jehová les dijo que podían salir.","","",""
"nekantka",55,"hizo | jehova | dijo | jesus | luego","Ima zhinzhoma goguma nekantka gʉmtshinamburrunzhe.","Este libro se ha preparado sobre todo pensando en los niños.","","",""
"wida",52,"murio | hijo | jesus | dijo | gente","Mema kʉnzhe kʉnzhiwa ga mawerru, wida mawʉnka”.","Si comes la fruta de ese árbol, morirás”.","","",""
"zhanandzina",49,"jehova | gente | juda | asi | pueblo","Shetamorrandzinangua gogumantka nuka agʉñi zukuega tua awega shka Bibliamba zhanandzina ingui tua awega ñingui zukuega dzineka awantka.","Tanto el texto como las ilustraciones se han preparado para que los relatos bíblicos cobren vida y reflejen los sentimientos de sus personajes.","","",""
"awʉnga",47,"voy | dijo | jehova | gente | hombre","Jehovága Abrahán kaia: “Masha ushi manzhe urraga ingui manzhe kawandzina, kaiarru naia ushi raga mʉjtushisha awʉnga bigu mʉnaiʉnka”.","Luego, Dios le prometió: “Te convertirás en una gran nación. Y por medio de ti haré cosas buenas para la gente de toda la Tierra”.","","",""
"nunkua",46,"jehova | despues | rey | hombre | juda","Dumatshijtua awʉnka nunkua kangʉma ingui zhigawigandzinawin.","Cuidarían de la Tierra y los animales.","","",""
"dzinukuantka",44,"jehova | estaban | habian | gente | querian","Na ingui nanzhe kawandzinawin mema dzingo awega 50 kʉgi dzinukuantka, dzingo awantka Jehovága uguia ukuai.","Él y su familia tardaron unos 50 años en construirla, y la hicieron como Jehová les dijo.","","",""
"gunamandzina",43,"pueblo | jehova | dijo | dios | moises","Moisés 40 kʉgi kʉnzhʉnguashkʉ, anguga awantka shka anguneka awega nanzhe gunamandzina.","A la edad de 40 años, Moisés decidió ayudar a la gente de su pueblo. Un día, vio a un egipcio pegándole a un esclavo israelita.","","",""
"dzawantka",42,"jehova | años | israelitas | jesus | ropa","Adán Evanʉn Kunkujshina kʉzhintujkuñí dzawantka","Adán y Eva desobedecen a Dios","","",""
"dzinguaka",42,"jesus | dijeron | dios | entonces | jehova","Dzinguaka: “Umba makuma aunkurra go ukuzhi bʉgui urraga ingui shkua torre go aunkurra katshijkiamaka ijtuna. Memé nekunkurrerru","Dijeron: “Quedémonos aquí y construyamos una ciudad y una torre que llegue hasta los cielos.","","",""
"go",42,"jehova | dijo | creo | hombre | primer","Gʉmtshina mʉkawa nʉnerru, anguneka ushi tua awega bʉgui anzhʉnga nʉnka kʉ Kunkujshinaga go awantka.","Si usted tiene hijos, ayúdelos a valorar la sorprendente variedad que existe en la creación.","","",""
"guaga",41,"saul | mato | rey | dijo | matar","Kumatunguangui anzhʉduga guaga awantka","Se enoja tanto que mata a su hermano","","",""
"nanu",41,"jehova | dijo | padre | pedro | casa","¿Tua awamka nanu iwina zhʉnguashkʉ shkua kumesa?","¿Has visto alguna vez un arcoíris?","","",""
"awazhʉnga",39,"puede | jehova | podia | dijo | jesus","Anguneka awazhʉnga, kʉ shkandzinangua Biblianzhe shindzʉnegi amtʉjkandzina.","No obstante, puede ser también muy útil para los adultos que deseen aprender más de la Biblia.","","",""
"dziwa",38,"desierto | jehova | despues | diluvio | dijo","¿Inzhué nunkuame Kunkujshinaga dziwa bʉgui nekʉn guashisha awantka shkandzina asisa awega?","¿Por qué destruyó Dios el mundo antiguo con un diluvio?","","",""
"dzui",38,"jehova | jesus | dijo | dinero | asi","Go awantka dzui kangʉmamba bo zhakujtshega.","Hizo que la luz del sol brillara sobre la Tierra.","","",""
"aunkurra",37,"jehova | cosas | vamos | asi | baal","Kʉskʉnangui kʉnkua angogumantka nuka ima zhinzhomanzhe naimashe uka unguazingʉma ñingui bʉgui anzhʉngandzina shindza aunkurra.","El libro está dividido en 14 secciones. Al principio de cada una, hay un resumen de algunas de las lecciones que podemos aprender.","","",""
"ijkʉnaga",37,"respondieron | dijeron | rey | jose | dijo","Ijkʉnaga gaguanantka mema kʉwaga guashi guakʉnukua, indzui zhanuwanshkʉ ʉnkʉjshena dzinekʉnka na kushamba. Memé nunkuame agʉñi","Ellos pensaron que esos sueños significaban que un día se inclinarían delante de él.","","",""
"nukuashkʉ",37,"mientras | dijo | jehova | jesus | moises","Ñingui tua ukurrandzina gawuʉn nukuashkʉ minshangui bʉgui ángelndzina go awantka.","Antes de hacer las cosas que vemos, él creó muchísimos ángeles.","","",""
"guashinguʉn",36,"jehova | dijo | demas | dinero | dio","Uguia ushi Kunkujshinaga go awantka shka agʉñi anzhʉnga zhigawigandzina guashinguʉn, shkandzinarru asheka nʉname, uguana, ñingui dzingoga, zhamaia ingui Kunkujshinawin dzasheka nʉname, anguneka ushi","Resalte que Jehová creó a los seres humanos muy superiores a los animales, con la capacidad de conversar, razonar, inventar cosas, cantar y orar. Ayude a sus hijos a darse cuenta del poder y la sabiduría de Jehová y, sobre todo, del amor que siente por lo que ha creado, incluyendo a cada uno de nosotros.","","",""
"gʉntuna",36,"entero | cuenta | dio | alli | jehova","Ukuashkʉ Rebecaga Jacob anguneka awantka, Esaúnzhe anzhʉduga, anzhadega kʉ naka akawa awega. Esaúga gʉntuna ukuashkʉ, bʉgui kumatuna awantka ukuemdzi anzhʉduga shipa nunkua guagʉnka zhiguanumpana.","Esaú se enteró, se puso furioso e hizo planes para matar a su hermano gemelo.","","",""
"nantka",36,"jehova | dijo | nunca | reino | durara","Shkandzina zhigawigandzinaie nanún nantka.","Los seres humanos serían diferentes de los animales.","","",""
"nanʉnka",36,"dijo | jehova | sera | rey | seria","Ñingui tshijshangawʉnka, dzasheka nanʉnka zhintshijshimʉnka ingui Kunkujshinaga kashizha dzinekʉnka.","Podrían inventar cosas, hablar, reír y orar a Dios.","","",""
"wandua",35,"jehova | malvada | dijo | gente | rey","Mema nanantka shkua ángel wandua nʉnka guma ashaiʉn guashisha ukua. Eva dunshʉnegi amsi.","Fue un ángel malo el que hizo que la serpiente hablara. Quería engañar a Eva.","","",""
"guashi",34,"jehova | significaba | significa | sueño | abrahan","Mema guaka ukuemdzi mema kʉnzhakujtshʉnka guashi, guashisha awantka atuna awega shkua kumesa katshijkiamaka buiengua atununtka nunkuá.","Como señal de esa promesa, hizo que saliera un arcoíris en el cielo por primera vez.","","",""
"guashisha",34,"jehova | hizo | despues | israelitas | dijo","¿Inzhué nunkuame Kunkujshinaga dziwa bʉgui nekʉn guashisha awantka shkandzina asisa awega?","¿Por qué destruyó Dios el mundo antiguo con un diluvio?","","",""
"maunkua",34,"dijo | jehova | asi | hombres | entonces","Awemdzi, asheshisha maunkua Bibliamba zhana capítulo.","Luego, pueden leer el pasaje bíblico en el que se basa el capítulo.","","",""
"raga",34,"dijo | jehova | gente | jesus | entonces","Jehovága Abrahán kaia: “Masha ushi manzhe urraga ingui manzhe kawandzina, kaiarru naia ushi raga mʉjtushisha awʉnga bigu mʉnaiʉnka”.","Luego, Dios le prometió: “Te convertirás en una gran nación. Y por medio de ti haré cosas buenas para la gente de toda la Tierra”.","","",""
"kangʉmamba",33,"tierra | jesus | jehova | dios | reino","Ima zhinzhoma shizhakʉndzega Biblia ingegua kʉ kangʉmamba, neshún nunkurra.","Esta publicación se distribuye como parte de una obra mundial de educación bíblica que se sostiene con donativos. Prohibida su venta.","","",""
"masha",33,"jehova | asi | dijo | dio | rey","Ukuemdzi, masha awantka ángelndzina ingui shkua sherra tshujkuega ge tua mʉjtakuagamba buiengua agʉñi dzimtún nanuai.","Además, puso ángeles y una espada de fuego a la entrada para que nunca más pudieran regresar.","","",""
"nawin",33,"dijo | jehova | jesus | galilea | aunque","Indzui zhʉnguashkʉ, Eva naki nukuashkʉ, shkua guma ashe nawin.","Un día, mientras Eva estaba sola, una serpiente habló con ella.","","",""
"tujkua",33,"oyo | escucho | jehova | voz | dijo","Saraga tujkuʉn nukuantka urragʉrgamdzi, mema tujkua ukuashkʉ, zhishima awantka guaka: “¿Nʉnai shkua gʉmtshina nʉjkʉnekʉnka imaki kʉgi nʉjkʉnzhʉnai?”.","Sara estaba escuchando dentro de la tienda y, al oírlos decir aquello, se rio para sus adentros y pensó: “¿De veras voy a tener un hijo a esta edad?”.","","",""
"atuna",32,"salio | casa | dijo | fuego | jehova","Mema guaka ukuemdzi mema kʉnzhakujtshʉnka guashi, guashisha awantka atuna awega shkua kumesa katshijkiamaka buiengua atununtka nunkuá.","Como señal de esa promesa, hizo que saliera un arcoíris en el cielo por primera vez.","","",""
"ijkua",32,"jehova | pueblo | daniel | salvar | dijo","Ukuemdzi, Jehovága kaia mʉjtsha awega arkarga bʉgui zhigawigandzina ijkua awega.","Además, Jehová le mandó meter en el arca muchos animales para que también se salvaran.","","",""
"ugunga",32,"jehova | dios | fe | hombre | jesus","namba asheka shka minsha ñingui dzineka ukua, guama zukuega zumé kuaiega ingui Jehovága tushisha awantka bʉgui ugunga shkandzina (Salm 119:105; Lucas 1:3; 1 Juan 4:19).","Estamos convencidos de que en ella encontramos historia exacta, consejos confiables para la vida y pruebas conmovedoras del amor que siente Jehová por la familia humana (Salmo 119:105; Lucas 1:3; 1 Juan 4:19).","","",""
"zhʉnguashkʉ",32,"dia | noche | dijo | filisteos | jesus","Indzui zhʉnguashkʉ, Eva naki nukuashkʉ, shkua guma ashe nawin.","Un día, mientras Eva estaba sola, una serpiente habló con ella.","","",""
"ijkʉnanzhe",31,"dios | baal | israelitas | dia | jehova","Bʉgui dziwa neka ukuemdzi, Noénzhe gʉmtshinandzina ingui ijkʉnanzhe menandzinawin bʉgui gʉmtshina kakʉnanantka.","Después del Diluvio, los hijos de Noé y sus esposas tuvieron muchos hijos.","","",""
"tshijtua",31,"vieron | jehova | jesus | encontraron | jose","nʉname, uguana, ñingui dzingoga, zhamaia ingui Kunkujshinawin dzasheka nʉname, anguneka ushi manzhe gʉmtshinandzina tshijtua awega ia Jehová dʉma kʉnʉnka ingui naka kʉ gʉntshujkuaga nʉnka, agʉñi kinki, naka ugunga kʉ go awantka, ingui nawingua","Resalte que Jehová creó a los seres humanos muy superiores a los animales, con la capacidad de conversar, razonar, inventar cosas, cantar y orar. Ayude a sus hijos a darse cuenta del poder y la sabiduría de Jehová y, sobre todo, del amor que siente por lo que ha creado, incluyendo a cada uno de nosotros.","","",""
"anzhʉngʉma",30,"hijo | dios | dijo | eres | jesus","Nʉnka shka, Adán, Evaie ingui anzhʉngʉma Caínie dzinunkua azhi dzineka awantka.","Algunas personas, como Adán, Eva y su hijo Caín, eligieron ponerse del lado del mal.","","",""
"bungengʉma",30,"ley | dios | jehova | dijo | esdras","Sacerdotendzina shizhakʉndziga dzinanantka Kunkujshinanzhe bungengʉma, nʉnka Kunkujshinaga angugantkandzina ashanuka nanantka gunamandzina.","Los sacerdotes enseñaban la Ley, y los jueces dirigían a la nación. Esta sección muestra que las decisiones y acciones de una persona pueden tener un profundo efecto en otros.","","",""
"angel",29,"angel | jehova | dijo | envio | gabriel","Kʉskʉna ángel Jehovága go ukua na angunekega.","El primer ángel que Jehová creó fue su ayudante.","","",""
"israelitandzinaga",29,"israelitas | jehova | moises | despues | dioses","Ukuemdzi, israelitandzinaga tua faraón nanzhe shka koshkandzinawin zhiwuarga kakʉjso dzinakʉn.","Después, los israelitas vieron que el faraón y su ejército venían siguiéndolos.","","",""
"ampʉjkangui",28,"enseguida | jesus | dijo | jehova | pedro","Noéga ampʉjkangui arca gaumpana awantka.","Noé se puso a construir el arca enseguida.","","",""
"anzhagi",28,"despues | años | jerusalen | tiempo | habian","Bʉgui dzuia anzhagi ukuemdzi Abrahán 99 kʉgi kʉnzhʉnguashkʉ ingui Sara 89 kʉgi kʉnzhʉnguashkʉ, maigua shkandzinaga tuʉn naia awantka.","Mucho tiempo después, cuando Abrahán tenía 99 años y Sara 89, tres personas fueron a visitarlos.","","",""
"kawandzina",28,"familia | jehova | hermanos | egipto | ir","Kawandzina bʉgui maigungurra:","Queridos hermanos:","","",""
"nukueku",28,"jesus | asi | jehova | apostoles | dijo","Dzimasha awantka urraga zukuega Urka kakʉnunkua ukuemdzi tshijkuan dzinaia awantka ingui urraga mʉkʉjsala gogumantka nukueku.","Habían dejado la buena casa que tenían en Ur para vivir en tiendas.","","",""
"terruandzina",28,"hombres | jehova | asi | jesus | moises","Ungunarga nainukuashkʉ, nanzhe iba kʉnekandzinaga uguia: “Manzhinguia Esaú nakʉn kimʉnuga nawikena 400 terruandzina inzhu”.","En el camino, unos sirvientes suyos vinieron a decirle: “Tu hermano Esaú viene hacia nosotros con 400 hombres”.","","",""
"tshujkuega",28,"jehova | gran | dios | oro | arbol","Ukuemdzi, masha awantka ángelndzina ingui shkua sherra tshujkuega ge tua mʉjtakuagamba buiengua agʉñi dzimtún nanuai.","Además, puso ángeles y una espada de fuego a la entrada para que nunca más pudieran regresar.","","",""
"dzinekantka",27,"hicieron | israelitas | jehova | dijo | dios","Bibliaga guaka bʉgui dziwa neka ukuemdzi makingʉma shka Kunkujshina kʉnduna dzinekantka.","La Biblia menciona a muy pocas personas que sirvieron a Dios durante los años posteriores al Diluvio.","","",""
"mau",27,"crees | jehova | dijo | imaginas | apostoles","¿Uguana mau inzhina zen zhigaguazhi dzinukuantka Jehová kʉzhindzintujkua ukuatʉjka?","¿Te imaginas qué contentos se sentirían por haber obedecido a Jehová?","","",""
"profeta",27,"profeta | jehova | baal | elias | profetas","Israelita kʉ nʉnkʉrga zhanandzinaga kagʉntsha nanantka Jehovága anguga awantka Samuel profeta nanega ingui guasheka nanega.","Los israelitas de todas partes del país sabían que Jehová había escogido a Samuel para ser profeta y juez.","","",""
"zhaguashekaga",27,"rey | despues | estatua | asi | banquete","Uguia ushi kakawa nanazhʉnga shkua zhaguasheka, awashkʉ mema zhaguashekaga ñingui bʉgui ashizhʉnka”.","Diles que pueden tener un rey, pero que ese rey les va a pedir muchas cosas”.","","",""
"zhinzhoma",26,"dios | libro | biblia | palabra | asi","Ima zhinzhoma shizhakʉndzega Biblia ingegua kʉ kangʉmamba, neshún nunkurra.","Esta publicación se distribuye como parte de una obra mundial de educación bíblica que se sostiene con donativos. Prohibida su venta.","","",""
"dumatua",25,"jehova | dijo | cuidara | isaac | jesus","Jehovága Adán kaia dumatua awʉnka mema kangʉma zukuega ingui zhigate awega zhigawigandzina.","Jehová le dijo a Adán que cuidara del jardín y que les pusiera nombre a todos los animales.","","",""
"maigua",25,"tres | hombres | tenia | amigos | años","Kʉnʉnka nanantka shkua mena ingui maigua gʉmtshina: Zhiganuka Sem, Cam ingui Jafet.","Se llamaba Noé. Tenía una esposa y tres hijos: Sem, Cam y Jafet.","","",""
"mʉgʉntsha",25,"sabes | jehova | jesus | dijo | entonces","¿Mʉgʉntsha nene nʉnka ángelndzina?","¿Sabes quiénes son los ángeles?","","",""
"apostolendzina",24,"apostoles | jesus | despues | estaban | carcel","Anguga awantka nanzhe apóstolendzina, awemdzi dzinzhaguashaiega nanʉn.","Seleccionó a sus apóstoles, que serían el fundamento del Reino.","","",""
"israel",24,"israel | jehova | rey | asi | dijo","mʉtʉjka nanantka Jehovága ñingui bʉgui anzhʉnga akawuʉn usaka dzinekuwanshkʉ na ingui nanzhe kawandzina ingui Israel usaka nekuatʉjkawin.","Los israelitas terminaron el tabernáculo un año después de salir de Egipto. Ahora sí tenían un lugar para adorar a Jehová.","","",""
"kʉwarga",24,"sueño | dijo | nabucodonosor | daniel | significaba","Indzui zhʉnguashkʉ, kʉwarga anzhʉn mʉgʉntunawí nʉnka naka anzhinguiandzinaga uguia awantka.","Un día, él tuvo unos sueños un poco raros y se los contó a sus hermanos.","","",""
"zhigawigandzina",24,"animales | jehova | dijo | gente | hizo","Uguia ushi Kunkujshinaga go awantka shka agʉñi anzhʉnga zhigawigandzina guashinguʉn, shkandzinarru asheka nʉname, uguana, ñingui dzingoga, zhamaia ingui Kunkujshinawin dzasheka nʉname,","Resalte que Jehová creó a los seres humanos muy superiores a los animales, con la capacidad de conversar, razonar, inventar cosas, cantar y orar. Ayude a sus hijos a darse cuenta del poder y la sabiduría de Jehová y, sobre todo, del amor que siente por lo que ha creado, incluyendo a cada uno de nosotros.","","",""
"awanarga",23,"dijo | jehova | ahora | asi | he","Tujkua awanarga manzhe kʉnzhʉnga, iwa nʉnai ra mʉtua augashkʉ nʉgʉntuna maka kʉ minzhaneka uka”.","Había oído de ti, pero ahora te conozco de verdad y veo que para ti todo es posible”.","","",""
"dukujshui",23,"rio | jordan | agua | jesus | nilo","Dumatua awega, mega awantka kanastarga sisa awantka kʉn kalusie kuegandzina awa nunkuarga dukujshui Nilo mena.","Para protegerlo, lo puso en una canasta que escondió entre las cañas del río Nilo. Míriam, la hermana del bebé, se quedó cerca para ver lo que pasaba.","","",""
"faraonga",23,"faraon | jehova | moises | pueblo | dijo","Faraónga guaka mʉlamé José nukunaka ushau.","Así que el faraón pidió que le trajeran a José de inmediato.","","",""
"kawandzinawin",23,"familia | jehova | noe | arca | amigos","Memé, Noé nanzhe kawandzinawin nʉnkua dzinekʉnka.","Así, Noé y su familia podrían sobrevivir al Diluvio.","","",""
"kʉzhintujkua",23,"jehova | caso | dios | obedecen | principio","Ima zhinzhomaga naijtushisha uka ia Bibliaga guaka uka shka Jehová kʉzhintujkua awantkandzina ingui kʉzhintujkuñí ukuandzinangua ingui nainguneka uka shindza awega shka Bibliamba zhanandzinanzhe","Esta publicación nos permite ver que la Biblia es un libro que nos habla de personas: las que obedecieron a Jehová y las que desobedecieron. También nos ayuda a aprender lecciones del ejemplo que nos dan esos personajes (Romanos 15:4; 1 Corintios 10:6).","","",""
"urragʉrga",23,"casa | entonces | casas | despues | jesus","Ukuemdzi, Esaú nanzhe urragʉrga naiá, ingui Jacob naiá awantka naiʉn nukuarga.","Después de aquello, Esaú volvió a su casa, y Jacob siguió con su viaje.","","",""
"zhanandzinaga",23,"jehova | gente | jerusalen | ejercito | entonces","Ukuemdzi ingui gega iʉl singʉnandzina kʉngasha awantka. ʉndua shkandzina, caldeos zhanandzinaga, anzhanga awantka camellondzina.","Primero utilizó a unas personas llamadas los sabeos para que le robaran las vacas, los toros y los burros.","","",""
"zhiso",23,"acepta | dios | espiritu | dinero | recibio","“Sara we zhiguanama kʉnʉnka nunkuame zhiso awantka dʉma Kunkujshinanzhe gʉmtshina kʉneka awega [...]","“Por la fe, Sara también recibió poder para concebir descendencia [...]","","",""
"awanshkʉ",22,"despues | dijo | jesus | parte | alguien","Kunkujshinaga Abel kujpinsha awʉnka ima kangʉma zukuega zhitunsha awanshkʉ.","Dios le devolverá la vida cuando convierta la Tierra en un paraíso.","","",""
"discipulundzina",22,"discipulos | jesus | dijo | apostoles | casa","Jesús mimi makuma awantka ʉnkasesʉn nanzhe discípulundzina ciudarga zhama shanʉn dzinaia ukuashkʉ.","Jesús se quedó allí descansando mientras los discípulos fueron a la ciudad a comprar comida.","","",""
"dzuiamba",22,"siguiente | mañana | dia | jesus | dias","Ashʉnka dzuiamba bukuengʉmangui Abrahánga une awantka Isaac ingui moa na iba kʉnekandzina Moriaka.","Al día siguiente, temprano en la mañana, Abrahán se llevó a Isaac y a dos sirvientes hacia Moria.","","",""
"indzui",22,"dia | dijo | filisteos | vez | angel","Indzui zhʉnguashkʉ, Eva naki nukuashkʉ, shkua guma ashe nawin.","Un día, mientras Eva estaba sola, una serpiente habló con ella.","","",""
"kʉnduna",22,"jehova | adorar | jesus | servir | dijo","Memé dzinekuwerru Jehová kʉnduna dzawazhʉnga awerru Jehovánzhe kawa dzineka awʉnka.","Así ellos también podrán adorar a Jehová y ser miembros de su amada familia.","","",""
"kʉnzhʉnga",22,"jehova | dijo | dios | reino | habian","Angunekʉnegi naimsi ʉndua tshijshindza awega nʉnai kʉnzhʉnga Kunkujshinanzhe bunguingʉmamba nuka. Memé nʉname zen zhiguazhi nukurra ima zhinzhoma maijtushisha awega: Shindza ushi","Nuestro deseo sincero es ayudar a otros a aprender las valiosas verdades que se hallan en la Palabra de Dios. Con ese propósito, nos alegra presentarles este libro: Lecciones que aprendo de la Biblia.","","",""
"mʉnʉnka",22,"eres | jehova | dijo | dios | hijo","Raga iba kʉnekuga ramba we zhigunga, ma nanzhe mena mʉnʉnka.","Si me acostara contigo, estaría pecando contra Dios”.","","",""
"nukuamba",22,"jehova | dijo | dios | arrodillo | batalla","Kʉngui israelitandzina dzinaiumpana kangʉma janantkamba, inkuijtena dzira ijtena dzira nukuamba dzanzhagi kaunakezhi.","Entonces hizo que soplara un viento fuerte toda la noche. El mar se dividió en dos, y en el medio se formó un camino.","","",""
"zhiguazhi",22,"jehova | estamos | contento | contentos | dios","Angunekʉnegi naimsi ʉndua tshijshindza awega nʉnai kʉnzhʉnga Kunkujshinanzhe bunguingʉmamba nuka. Memé nʉname zen zhiguazhi nukurra ima zhinzhoma maijtushisha awega: Shindza ushi shka Bibliamba zhanandzinanzhe.","Nuestro deseo sincero es ayudar a otros a aprender las valiosas verdades que se hallan en la Palabra de Dios. Con ese propósito, nos alegra presentarles este libro: Lecciones que aprendo de la Biblia.","","",""
"awau",21,"dijo | asi | vayan | dios | discipulos","Maiguin anguashisha awau ñingui zukuega kʉnʉnka ima zhinzhomaga.","Permítannos contarles algunos detalles sobre esta publicación.","","",""
"kʉzhia",21,"dijeron | jesus | jehova | eres | mundo","Isaac ingui Rebecaga ijkakandunún nanantka Esaúga Jacob guaga awega, memé nunkuame kʉzhia: “Naia ushi kaiarru makuma ushi Labán nugeku, manzhabunzhe anzhatu kuʉieku, Esaú kumatunantka nuka inzhagi awanshkʉ”.","Isaac y Rebeca querían proteger a Jacob, así que le dijeron: “Vete y quédate con tu tío Labán, el hermano de tu madre, hasta que Esaú se calme”.","","",""
"maka",21,"dijo | jehova | sabes | crees | israelitas","¿Maka uguana Jehóvaga anduna awantka neka ukua Jacob?","¿Crees que a Jehová le gustó lo que hizo Jacob?","","",""
"nekʉnka",21,"jehova | rey | gente | hacer | importante","Gogumantka nuka iba nanún nʉnka kintujkua awega, ganekʉnegi nanuemdzi guaka nekʉnka kʉskʉnangui zhanekantka ingui ukuemdzi zhaneka awantka.","Se ha hecho un esfuerzo especial para presentar esos relatos de manera clara, sencilla y, siempre que ha sido posible, en el orden en que sucedieron.","","",""
"sacerdote",21,"sacerdote | sumo | aaron | jehova | jerusalen","Jehovága anguga awantka Aarón nanzhe gʉmtshinawin sacerdote dzinanega ingui iba dzineka awega tabernákulumba.","Solo el sumo sacerdote, Aarón, tenía permiso para entrar en el Santísimo.","","",""
"shimurrua",21,"monte | montaña | luego | olivos | sinai","Kunkujshinaga kaia Abrahán: “Tshui nuguana, guga kaia manzhe shkuame gʉmtshina nakawa ushi widá awega shimurrua Moriaka”.","Dios le dijo a Abrahán: “Por favor, toma a tu único hijo y ofrécelo en sacrificio en una montaña de la tierra de Moria”.","","",""
"ukuzhi",21,"jehova | vamos | entonces | dijo | alabemos","Ukuemdzi Jehovága kaia kʉskʉnangui ángel gontka: “Go ukuzhi shkandzina”.","Entonces, Jehová le dijo al primer ángel: “Vamos a hacer al hombre”.","","",""
"zhigunga",21,"jehova | confiaba | jesus | asi | demostro","“Kʉ nʉnka agʉñi zhigunga zhiunantka nanʉnka, awashkʉ zhiunantka zhigunga jina awuʉnka” (Lucas 18:14).","Así nos haremos famosos”. “Todo el que se engrandece","","",""
"zhiwʉsiga",21,"final | dijo | jehova | jesus | apostoles","Zhiwʉsigá, singungulu makuma inguna buamba. Mema zhanekueki, Balaamga zhakʉjtsha pashka nanantka singungulu kʉnwin.","Al final, la burra se echó en medio del camino.Todas esas veces, Balaam le pegaba a la burra con un palo.","","",""
"anzhʉngandzina",20,"jehova | importantes | jesus | pais | aunque","14 zhinzhomamburru. Kʉskʉnangui kʉnkua angogumantka nuka ima zhinzhomanzhe naimashe uka unguazingʉma ñingui bʉgui anzhʉngandzina shindza aunkurra.","El libro está dividido en 14 secciones. Al principio de cada una, hay un resumen de algunas de las lecciones que podemos aprender.","","",""
"awamka",20,"jehova | ahora | dijo | has | dios","¿Tua awamka nanu iwina zhʉnguashkʉ shkua kumesa?","¿Has visto alguna vez un arcoíris?","","",""
"faraon",20,"faraon | jehova | moises | jose | despues","José gumʉkʉndzinuka nukuashkʉ zhaguasheka faraón, Egipto zhana, kʉwarga anzhʉn awantka nenegangua kintujkuawí nʉnka.","Mientras José estaba en la cárcel, el faraón, rey de Egipto, tuvo unos sueños que nadie podía entender.","","",""
"ijkʉnawin",20,"pueblo | asi | jesus | ciudad | cuenta","Ma gʉmtshina mʉkawa nʉnerru ijkʉnawin asheshisha mawazhʉnga shkua capítulo, ingui nʉnzhú nazhi guaka awega shetamorrandzinangua.","Si usted tiene hijos, puede leer un capítulo con ellos, y juntos comentar las ilustraciones.","","",""
"naiʉn",20,"faraon | jehova | pueblo | ir | agua","Ángelga kaia: “Naiʉn nʉnguashisha ushi”.","Lucharon hasta la mañana siguiente.","","",""
"nekun",20,"jehova | dijo | elias | rey | sequia","Jehová bʉgui anzhʉnga nʉnka, nawiga uguanún nunkurreki, memé nʉname na buiengua azhi nekún nʉnka.","Jehová es grandioso, más de lo que nos imaginamos, él nunca haría nada malo.","","",""
"nekʉn",20,"jehova | despues | agua | asi | diluvio","¿Inzhué nunkuame Kunkujshinaga dziwa bʉgui nekʉn guashisha awantka shkandzina asisa awega?","¿Por qué destruyó Dios el mundo antiguo con un diluvio?","","",""
"amtantka",19,"jehova | queria | sintio | quiso | rey","¿Inzhina amtantka Adán Eva tua ukuashkʉ?","¿Cómo se sintió Adán cuando vio a su esposa?","","",""
"aunguashi",19,"jehova | dijo | cosas | dios | dia","dzunkune dzawazhʉnga nunkuá bimʉna ijkʉna dzinaión. Jehovága guaka: “Ashizha ushi ranzhe gunamandzinaga dzinguneka aunguashi tabernáculo gawega”.","El tabernáculo sería una tienda especial donde los israelitas podrían adorar a Dios.","","",""
"ciudad",19,"ciudad | jehova | envio | alrededor | ayudante","uvas, ukuemdzi imé dzinguaka awantka: “Canaán nʉnka ingui kangʉma zukuega, awashkʉ shkandzina dʉma dzinʉnka, ingui ciudad muro tshujkuegandzina kʉnʉnka”.","Los espías regresaron 40 días después. Trajeron higos, granadas y uvas, y dieron este informe: “Canaán es una buena tierra, pero las personas son fuertes, y las ciudades tienen muros muy altos”.","","",""
"dzinanantka",19,"jehova | gente | tenian | abrahan | adoraba","Zhiganuka Eva. Adán ingui Evawin minshangui kawandzina dzinanantka.","Se llamaba Eva. Adán y Eva fueron la primera familia.","","",""
"kagʉntuna",19,"cuenta | dieron | gente | jehova | enteraron","Ima zhinzhomagangua anguneka awazhʉnga shkandzinaga kagʉntuna awega bunguingʉma zukuega Biblianzhe.","Se puede usar el mismo método para ayudar a un adulto a tener una idea general del mensaje de la Biblia.","","",""
"kaiarru",19,"dijo | jehova | jesus | levantate | vayan","Jehovága Abrahán kaia: “Masha ushi manzhe urraga ingui manzhe kawandzina, kaiarru naia ushi raga mʉjtushisha awʉnga bigu mʉnaiʉnka”.","Luego, Dios le prometió: “Te convertirás en una gran nación. Y por medio de ti haré cosas buenas para la gente de toda la Tierra”.","","",""
"kuaga",19,"vivia | debemos | dios | jehova | ciudad","anduna awantka mema ñingui antshijkawa ukua, memé nunkuame guaka awantka buiengua agʉñi memé asisún nanga kʉ kangʉmamba kuaga dziwa bʉgui neshiwin.","A Jehová le gustó esa ofrenda, y prometió que jamás volvería a destruir lo que hay sobre la Tierra con un diluvio como ese.","","",""
"kukua",19,"jesus | curar | enfermos | curo | dio","Kʉ azhi kinzhanʉnukua skumá ukuashkʉ, Jehovága kukua awantka ingui akawa awantka ñingui agʉñi minsha kʉnunkua guashinguʉn.","Cuando se acabaron las pruebas, Jehová curó a Job y le dio mucho más de lo que había tenido antes.","","",""
"kʉnzhakujtsha",19,"jehova | abrahan | promesas | promesa | dios","Lot ingui Jacobie, nawigangua Jehovága ashizha awazhingurra nainguneka awega, we uguanunkurra ñingui naka guaka awantka kʉnzhakujtsha awʉnka.","Al igual que Abrahán y otros siervos fieles, como Lot y Jacob, podemos pedirle a Jehová con toda libertad que nos ayude, confiando en que él cumplirá todas sus promesas.","","",""
"nanazhʉnga",19,"jehova | rey | puede | asi | gente","“Neneganguazi anzhʉngʉma kua anzhubʉngʉma ra guashinguʉn agʉñi ʉnkʉguanuwerru ranzhe nanún nanazhʉnga” (Mateo 10:37).","hijo o a su hija que a mí no es digno de mí” (Mateo 10:37). regrese”.","","",""
"nuguana",19,"favor | dijo | jehova | oro | dame","Memé nunkuame, Abrahánga Lot kaia: “Umbanguazi moangui kuaún nanazhingurra.Tshui nuguana, bimʉna naiʉnegi mimtú, ingui rangua ʉnduarga naia awʉnga”.","Por eso, Abrahán le dijo a Lot: “Ya no podemos seguir viviendo en el mismo lugar. Por favor, elige a qué lado quieres ir, y yo iré al otro”.","","",""
"nukun",19,"jehova | dijo | contigo | jarro | jerusalen","Jehová mawintki nukún nʉnka ñi Aarónwintki nukún nʉnka, nawiwingua nuka”.","Jehová no solo está contigo y con Aarón, también está con todos nosotros”.","","",""
"ukuame",19,"jehova | asi | david | estaban | habian","Ukuashkʉ Noé nanzhe kawandzinawin memé kakinzhanuñí awantka, ijkʉna arkarga dzimta ukuame.","Pero a Noé y su familia no les pasó nada porque estaban dentro del arca.","","",""
"zhaguashekanzhe",19,"jehova | rey | reino | principes | babilonia","Moisés jina awantka ingui zhaguashekanzhe anzhʉngʉmaie ingui kawa nanazhinga nunkua kʉ naka anduna ukua.","Moisés creció siendo príncipe y podía tener todo lo que quisiera.","","",""
"zhituna",19,"convirtio | baston | dijo | entonces | jehova","Ukuashkʉ Lotnzhe mena Jehová kʉzhintujkuñí awantka, memé nunkuame zhiwuarga ujkua ukuashkʉ nungu zhituna awantka.","“Acuérdense de la esposa de Lot” (Lucas 17:32).","","",""
"dzinguaga",18,"jesus | mataron | acab | ciudad | despues","Memé nunkuame, filisteundzinaga ja ijkakakutshijka nanantka ingui kagʉntuna aunegi ijkakamsi dzinukuantka inzhina dzinguaga awega.","Por eso, los filisteos lo odiaban y querían averiguar cómo matarlo.","","",""
"koshka",18,"ejercito | israelitas | jehova | guerrero | envio","˛ Koshka nanún nantkurra, azhi nʉnka nanún nantkurra ijkʉnushie ñi nanzhe shkandzinaie.","˛ Debemos ser pacíficos, no violentos como el Diablo y sus seguidores.","","",""
"kʉskʉnangui",18,"dios | hombre | primer | principio | dijo","Gogumantka nuka iba nanún nʉnka kintujkua awega, ganekʉnegi nanuemdzi guaka nekʉnka kʉskʉnangui zhanekantka ingui ukuemdzi zhaneka awantka.","Se ha hecho un esfuerzo especial para presentar esos relatos de manera clara, sencilla y, siempre que ha sido posible, en el orden en que sucedieron.","","",""
"mawʉnka",18,"dijo | jesus | contigo | jehova | ve","Mema kʉnzhe kʉnzhiwa ga mawerru, wida mawʉnka”.","Si comes la fruta de ese árbol, morirás”.","","",""
"mʉkʉjsala",18,"ropa | dio | jehova | jesus | buena","Dzimasha awantka urraga zukuega Urka kakʉnunkua ukuemdzi tshijkuan dzinaia awantka ingui urraga mʉkʉjsala gogumantka nukueku.","Habían dejado la buena casa que tenían en Ur para vivir en tiendas.","","",""
"nʉnerru",18,"hijos | usted | jehova | ayudelos | dios","Ma gʉmtshina mʉkawa nʉnerru ijkʉnawin asheshisha mawazhʉnga shkua capítulo, ingui nʉnzhú nazhi guaka awega shetamorrandzinangua.","Si usted tiene hijos, puede leer un capítulo con ellos, y juntos comentar las ilustraciones.","","",""
"shikʉndza",18,"jesus | jehova | enseño | discipulos | preguntas","Anguneka ushi manzhe gʉmtshina tua awega ñi guaka ima zhinzhomaga Bibliamba zhana ingui uguana ñi ñingui zukuega shikʉndza awantka.","Ayude a su hijo a ver la relación que hay entre lo que lee en la Biblia y las lecciones que enseña cada capítulo del libro.","","",""
"awuʉnga",17,"dijo | ir | jehova | tabernaculo | voy","Awuerru, israelitandzina naiʉn guashisha awuʉnga”.","Luego, dejaré salir a los israelitas”.","","",""
"dzune",17,"llevaron | jesus | entonces | apostoles | casa","¡Guaga ukuzhi!”. Antshijpana ukuemdzi dzune kangʉma kuigumantka kʉlʉn zhʉnguarga kʉzhiwasi.","Entonces Jacob envió a José para que viera cómo les iba a sus hermanos.","","",""
"gʉntsha",17,"jehova | sabia | david | rey | asi","Naka gʉntsha nanantka dziwidʉnka Kunkujshina kʉzhindzintujkuñí dzawerru, ukuashkangua ga awantka.","Él sabía que iban a morir si desobedecían a Dios, pero de todas maneras comió.","","",""
"ijkakamsi",17,"querian | jehova | dijo | gente | jesus","Jehovága kameda awantka israelitandzina zhintujkuʉnegi ijkakamsi dzinukuame.","Jehová perdonó a los israelitas que querían obedecerlo.","","",""
"nunkuashkʉ",17,"jehova | jesus | asi | dijo | israelitas","Kʉngui bunkʉjka irsui dzinekantka José nukamba, kʉnzhaneka awantka na kuima nunkuashkʉ kʉwarga anzhʉn ukuai.","José quería saber si todavía lo odiaban, así que les dijo: “Ustedes son espías y vienen a averiguar si nuestro país es débil”. Ellos respondieron: “¡No somos espías!","","",""
"shindza",17,"aprender | jehova | lecciones | biblia | cosas","Shindza ushi shka Bibliamba zhanandzinanzhe","Lecciones que aprendo de la Biblia","","",""
"apostolendzinaga",16,"apostoles | jesus | dijeron | lazaro | preguntaron","Memandzuia ijkakamashai nukuantka Kunkujshinanzhe zhaguasheka ingegua. Shetazhi ukuashkʉ, nanzhe apóstolendzinaga kaia: “Shkandzina margaijkakʉngai dzinuka.","Él quería estar solo con sus apóstoles, pero de todas formas recibió a la gente con cariño.","","",""
"awuʉnka",16,"jehova | asi | baal | dar | dijo","“Kʉ nʉnka agʉñi zhigunga zhiunantka nanʉnka, awashkʉ zhiunantka zhigunga jina awuʉnka” (Lucas 18:14).","Así nos haremos famosos”. “Todo el que se engrandece","","",""
"discipulundzinaga",16,"discipulos | jesus | dijeron | trabajo | enseñar","Juanga andunga nanantka nanzhe discípulundzinaga shkandzina uguanega Kunkujshina zen zhigunshishega. Ukuemdzi kaia awantka zhona shishkandzina zhaguashekandzinanzhe:","Porque Juan quería que sus discípulos supieran que para agradar a Dios tenían que amar a las personas.","","",""
"gunamandzinaga",16,"jehova | pueblo | dios | adorar | casada","Akʉ ñí, nanzhe gunamandzinaga Jehováki kʉndunʉnka dzinguaka awantka nunkuame.","Sí, porque el pueblo había prometido que iba a adorar solo a Jehová.","","",""
"kumatuna",16,"puso | enojo | dijo | furioso | jehova","Jehovága anduna awantka Abelga akawa ukua, ukuashkʉ Caínzhe andunuñí awantka, memé nunkuame Caín bʉgui kumatuna, Jehovága kaia: “Kumamitunantkangui nukuwerru ñingui wandua nʉnka mʉnekʉnka”.","A Jehová le gustó la ofrenda de Abel, pero no le gustó la de Caín. Por eso, Caín se enfadó mucho, y Jehová le dijo: “Si sigues enojado, al final harás algo malo”.","","",""
"kuzhisha",16,"grito | jehova | dijo | pelear | david","Gedeónga kashu guga ukuemdzi shui awantka, zhipi awantka nanzhe jarrón, zhibu zhibu awantka nanzhe antorcha ukuemdzi kuzhisha awantka: “¡Jehovánzhe sherra tshujkuega ingui Gedeónzhe!”.","Gedeón tocó su cuerno, rompió su jarrón, movió su antorcha de un lado a otro y gritó: “¡La espada de Jehová y de Gedeón!”.","","",""
"kʉjso",16,"jesus | seguidores | ciudad | cosecha | dijo","Koshka faraónzhe shkandzina kʉjso dzinaia awantka israelitandzinamba dzibu zou zhʉnguamba.","Los millones de israelitas cruzaron por tierra seca entre las dos paredes de agua hasta el otro lado. El ejército del faraón persiguió a los israelitas a través del fondo seco del mar.","","",""
"nanga",16,"dijo | voy | jehova | respondio | aunque","Jehovága anduna awantka mema ñingui antshijkawa ukua, memé nunkuame guaka awantka buiengua agʉñi memé asisún nanga kʉ kangʉmamba kuaga dziwa bʉgui neshiwin.","A Jehová le gustó esa ofrenda, y prometió que jamás volvería a destruir lo que hay sobre la Tierra con un diluvio como ese.","","",""
"nanuai",16,"dio | rey | apostoles | construir | david","Ukuemdzi, masha awantka ángelndzina ingui shkua sherra tshujkuega ge tua mʉjtakuagamba buiengua agʉñi dzimtún nanuai.","Además, puso ángeles y una espada de fuego a la entrada para que nunca más pudieran regresar.","","",""
"nukua",16,"jehova | abiram | core | cuenta | datan","Iwa nʉgʉntuna we Kunkujshina mugunga, nukua awamka manzhʉngʉma guaga awega”.","Ahora sé que tienes fe en Dios, porque estuviste dispuesto a sacrificar a tu hijo”.","","",""
"zhanekantka",16,"paso | preguntas | arca | despues | relatos","Gogumantka nuka iba nanún nʉnka kintujkua awega, ganekʉnegi nanuemdzi guaka nekʉnka kʉskʉnangui zhanekantka ingui ukuemdzi zhaneka awantka.","Se ha hecho un esfuerzo especial para presentar esos relatos de manera clara, sencilla y, siempre que ha sido posible, en el orden en que sucedieron.","","",""
"anduna",15,"jehova | gusto | quiere | templo | asi","˛ Jehovága anduna shkandzina kuazhá nukuega zen zhigaguazhi ingui nʉnzhú nazhi.","˛ El propósito de Jehová es que los humanos vivan para siempre","","",""
"angelga",15,"angel | dijo | jehova | come | desperto","Kʉgi nakuamba, Sara shkua gʉmtshina kakʉjkuaguma, Jehovánzhe ángelga guaka ukuai kʉnzhaneká.","Al año siguiente, Sara tuvo un bebé, tal como el ángel de Jehová había prometido.","","",""
"guakantka",15,"jehova | dijo | jesus | amar | cosecha","Esaúga gʉgaso: “¡Mema Jehovága guakantka anzhanuntka!","Rechazó algo muy valioso por un simple plato de comida.","","",""
"gunama",15,"pueblo | jehova | juda | años | dios","Raga guaka auga kʉnzhakujtsha ingui nʉkʉzhintujkua dzinekuwerru, ranzhe gunama bʉgui anzhʉngandzina dzinanʉnka”.","Si ellos me obedecen y cumplen mis leyes, serán mi pueblo especial”.","","",""
"ibaneka",15,"esclavos | jesus | contesto | cuenta | dio","Ingui ibaneka Kunkujshinaga guaka uwai","Un esclavo que obedece a Dios","","",""
"koshkandzina",15,"jehova | soldados | dijo | ejercito | ciudad","Kaia nanzhe shka koshkandzina: “Shango awau kʉngui ranzhe carro koshkandzina, zhiwarga inzhu nekuzhi.","Ordenó a sus soldados: “Preparen todos mis carros de guerra, y vamos tras ellos.","","",""
"kʉnzhʉnguashkʉ",15,"años | tenia | jehova | abrahan | isaac","Shezhingo dzukuemdzi dzinaia awantka nawʉrga. Abrahán 75 kʉgi kʉnzhʉnguashkʉ na ingui nanzhe kawandzinawin kinkuma dzawantka kangʉma Jehovága tua awega ugungueku.","Abrahán tenía 75 años cuando él y su familia llegaron a la tierra que Jehová quería que vieran.","","",""
"mikawa",15,"jehova | dijo | alli | dara | salomon","Kʉzhika nanantka: “Minshangui, Jehovága mikawa awantka Rut, Na zumé nʉnka mawin. Iwa mʉkawa nʉnka ingui tuga.","Le decían: “Primero, Jehová te dio a Rut, que se ha portado muy bien contigo.Yahora tienes un nieto.","","",""
"mʉnantkua",15,"dijo | jehova | seran | dios | ustedes","Gumaga kaia: “Widún mʉnantkua. Ga maunkuerru, Kunkujshinaie mʉnantkua”.","La serpiente dijo: “No se van a morir. Si la comen, serán como Dios”.","","",""
"namba",15,"jesus | fe | jehova | ciudad | dio","Naigʉntsha namba asheka shka minsha ñingui dzineka ukua, guama zukuega zumé kuaiega ingui Jehovága tushisha awantka bʉgui ugunga","Estamos convencidos de que en ella encontramos historia exacta, consejos confiables para la vida y pruebas conmovedoras del amor que siente Jehová por la familia humana (Salmo 119:105; Lucas 1:3; 1 Juan 4:19).","","",""
"nukuega",15,"jehova | dejar | demas | dijo | saul","˛ Jehovága anduna shkandzina kuazhá nukuega zen zhigaguazhi ingui nʉnzhú nazhi.","˛ El propósito de Jehová es que los humanos vivan para siempre","","",""
"pan",15,"pan | dijo | jehova | viuda | apostoles","Lema gasha, kaiarru ga awau pan zukuegawin. Shezhingomkua mʉnukunkua naiega, mʉkʉjsala ʉnkʉjtemkua kʉjsokua zhiumkua mʉnukunkua.","Jehová les dijo a los israelitas: “Preparen una comida especial.","","",""
"zhaujkukandzina",15,"espias | rahab | canaan | jerico | casa","12 zi zhaujkukandzina Israelitandzina dzinaia uka shimurrua Sinaímbamdzi.","Los israelitas se fueron del monte Sinaí.Viajaron por el desierto de Parán hasta llegar a un lugar que se llamaba Cadés.","","",""
"ñinguamka",15,"bien | jesus | buenos | david | dijo","We ñinguamka Caínga Abel kaia: “Naka ushi rawin kamkeka”.","Más bien, Caín le dijo a Abel: “Ven conmigo al campo”.","","",""
"asheka",14,"jehova | habla | voz | amor | cada","Naigʉntsha namba asheka shka minsha ñingui dzineka ukua, guama zukuega zumé kuaiega ingui Jehovága tushisha awantka bʉgui ugunga shkandzina","Estamos convencidos de que en ella encontramos historia exacta, consejos confiables para la vida y pruebas conmovedoras del amor que siente Jehová por la familia humana (Salmo 119:105; Lucas 1:3; 1 Juan 4:19).","","",""
"aunuka",14,"dios | jehova | ahora | bien | lado","Ima kʉnkuangʉma zhinzhomanzhemba shindzunkurra, ia Jehovága tua aunuka zumé nekʉnukurra kua azhi nekʉnukurra, naka buiengua mashún nantka azhi nʉnkaga uguminsha awega zumé nʉnka.","En esta sección, aprenderemos que Jehová ve de qué lado estamos y que él nunca dejará que el mal venza al bien.","","",""
"dzakinkuma",14,"llegaron | jesus | alli | israelitas | despues","Shimurruaka dzakinkumá ukuashkʉ inginangui nʉnzhu dzingo.","Cuando por fin llegaron a la montaña, hicieron un altar.","","",""
"dzinekʉnka",14,"pecados | dio | familia | inclinarian | jehova","Ñingui tshijshangawʉnka, dzasheka nanʉnka zhintshijshimʉnka ingui Kunkujshinaga kashizha dzinekʉnka.","Podrían inventar cosas, hablar, reír y orar a Dios.","","",""
"dzinʉnka",14,"dijo | jehova | personas | todavia | desobedientes","Ashizha inzhué nunkuame zhintujkuntkandzina dzinʉnka. Evaga guaka guma kʉnzhʉnga, ukuashkʉ Adánga guaka Eva kʉnzhʉnga.","Les preguntó por qué habían sido desobedientes. Eva le echó la culpa a la serpiente, y Adán culpó a Eva.","","",""
"ga",14,"dijo | arbol | arboles | comer | comio","Kaia awantka: “Ga mawazhʉnga kʉ kʉnzhiwandzina, shkuaki gón mʉnanazhʉnga, mema kʉnzhiwa bʉgui anzhʉnga nʉname.","Le dijo: “Puedes comer de todos los árboles menos de uno, que es muy especial.","","",""
"mʉkawa",14,"hijos | jehova | usted | ayudelos | entender","Ma gʉmtshina mʉkawa nʉnerru ijkʉnawin asheshisha mawazhʉnga shkua capítulo, ingui nʉnzhú nazhi guaka awega shetamorrandzinangua.","Si usted tiene hijos, puede leer un capítulo con ellos, y juntos comentar las ilustraciones.","","",""
"naiguia",14,"jehova | dijeron | dinos | asi | dios","Gʉgantshijso: “Neka aunkurra kʉ Jehovága naiguia aunuka”.","Contestaron: “Haremos todo lo que Jehová nos diga”.","","",""
"nazhi",14,"jehova | demas | discipulos | jesus | juntos","Ma gʉmtshina mʉkawa nʉnerru ijkʉnawin asheshisha mawazhʉnga shkua capítulo, ingui nʉnzhú nazhi guaka awega shetamorrandzinangua.","Si usted tiene hijos, puede leer un capítulo con ellos, y juntos comentar las ilustraciones.","","",""
"nenegangua",14,"nadie | puede | baal | hijo | hizo","Mema dzingawuʉn nukuashkʉ Noéga uguia awantka shkandzinaga dziwa bʉgui nekʉnka, ukuashkʉ nenegangua tujkuñí awantka.","Durante esos años, Noé avisó a la gente de que iba a venir el Diluvio, pero nadie le hizo caso.","","",""
"nugeku",14,"dijo | jehova | jesus | dijeron | eres","Rebecaga ijkakandunún nanantka Esaúga Jacob guaga awega, memé nunkuame kʉzhia: “Naia ushi kaiarru makuma ushi Labán nugeku, manzhabunzhe anzhatu kuʉieku, Esaú kumatunantka nuka inzhagi awanshkʉ”. Jacobga tujkua awantka anzhadendzina, memé","Isaac y Rebeca querían proteger a Jacob, así que le dijeron: “Vete y quédate con tu tío Labán, el hermano de tu madre, hasta que Esaú se calme”.","","",""
"nukuame",14,"dijo | enojado | entonces | hambre | jehova","Indzui zhʉnguashkʉ, Esaú urragaka kinkuma bʉgui kujsanantka memandzuia zhasakʉn nukuame.","Entonces olió la rica comida que Jacob estaba cocinando y dijo: “¡Estoy muerto de hambre! ¡Dame un poco de ese guisado rojo!”.","","",""
"nukuarga",14,"despues | jesus | casa | hombre | tres","Ukuemdzi, Esaú nanzhe urragʉrga naiá, ingui Jacob naiá awantka naiʉn nukuarga.","Después de aquello, Esaú volvió a su casa, y Jacob siguió con su viaje.","","",""
"nunkuengua",14,"jehova | aunque | modos | asi | aun","Abrahán neka ukuame kʉ Jehovága ashizha ukua, gʉntshujkún nunkuengua inzhué ashizhantka.","Porque Abrahán hizo todo lo que Jehová le pidió, aunque no entendiera por qué se lo había pedido.","","",""
"oro",14,"oro | estatua | plata | becerro | ademas","Aarónga gʉgaso: “Nukunaka ushau mawinzhe oro maikʉnʉnka”.","Aarón les respondió: “Tráiganme el oro que tengan”.","","",""
"pascua",14,"pascua | años | celebrar | año | jerusalen","Dzazhigate Pascua.","La llamaron Pascua.","","",""